id,first_name,last_name,email,gender,ip_address
1,Gallard,Saylor,gsaylor0@trellian.com,Male,211.237.21.181
2,Basilio,Attwoul,battwoul1@eventbrite.com,Male,79.180.113.20
3,Julie,Elsy,jelsy2@census.gov,Female,202.24.26.32
4,Allie,Early,aearly3@yahoo.co.jp,Female,162.229.186.110
5,Carol-jean,Fouch,cfouch4@ask.com,Agender,231.142.183.192
6,Maurizia,Hayller,mhayller5@amazon.com,Female,188.89.67.36
7,Gabriel,McQuarrie,gmcquarrie6@blogs.com,Male,136.231.246.15
8,Nolie,Mamwell,nmamwell7@fastcompany.com,Female,77.18.181.90
9,Benedick,Tresler,btresler8@usnews.com,Male,152.231.198.167
10,Abba,Carriage,acarriage9@alexa.com,Male,108.243.245.166
11,Verna,Redferne,vredfernea@zimbio.com,Female,65.78.15.29
12,Doug,Yurocjkin,dyurocjkinb@scribd.com,Male,201.174.72.10
13,Lynn,Casterot,lcasterotc@ifeng.com,Female,99.23.170.7
14,Timothee,Simeoli,tsimeolid@simplemachines.org,Male,3.80.56.154
15,Nappy,Askew,naskewe@bizjournals.com,Male,120.2.123.175
16,Jobina,Cowsby,jcowsbyf@canalblog.com,Female,162.128.228.210
17,Manon,Vernon,mvernong@usatoday.com,Non-binary,5.91.69.100
18,Claudianus,Lerohan,clerohanh@blinklist.com,Male,206.84.187.232
19,Dorey,Baudin,dbaudini@samsung.com,Female,172.201.87.154
20,Cher,Ballintyne,cballintynej@jigsy.com,Female,36.192.91.64
21,Winslow,McNish,wmcnishk@miibeian.gov.cn,Male,37.247.32.10
22,Silvie,Szymoni,sszymonil@webs.com,Female,147.206.229.173
23,Huey,Kettle,hkettlem@spiegel.de,Male,141.66.56.52
24,Andrey,Munnery,amunneryn@sina.com.cn,Male,83.136.41.79
25,Gwyn,Kemwal,gkemwalo@merriam-webster.com,Female,232.5.148.40
26,Marena,Klesl,mkleslp@icq.com,Female,64.22.211.12
27,Delbert,Rand,drandq@wiley.com,Male,214.167.116.117
28,Eugine,Fader,efaderr@umich.edu,Female,66.33.211.4
29,Bord,Gatrell,bgatrells@skype.com,Male,221.159.193.98
30,Layla,Hatje,lhatjet@wix.com,Female,154.109.67.219
31,Laurie,Cratere,lcratereu@php.net,Male,229.135.217.143
32,Lesley,Almond,lalmondv@hc360.com,Female,32.69.190.125
33,Maxy,Yuryatin,myuryatinw@domainmarket.com,Male,36.5.80.6
34,Kirsteni,Jaze,kjazex@shutterfly.com,Genderqueer,241.253.199.227
35,Dalt,Melton,dmeltony@weather.com,Male,122.227.170.156
36,Celinka,Rubinivitz,crubinivitzz@omniture.com,Female,78.118.80.132
37,Shauna,Dunridge,sdunridge10@foxnews.com,Female,137.189.129.21
38,Tailor,Champ,tchamp11@elegantthemes.com,Genderqueer,213.114.108.202
39,Zeb,Oselton,zoselton12@mediafire.com,Male,161.38.220.21
40,Thane,Hebard,thebard13@howstuffworks.com,Male,103.11.250.201
41,Prentice,Brisseau,pbrisseau14@stanford.edu,Male,230.6.226.32
42,Kaela,Collick,kcollick15@merriam-webster.com,Female,49.160.53.95
43,Farrel,Beamson,fbeamson16@youtu.be,Male,180.143.229.181
44,Sharona,Batham,sbatham17@latimes.com,Female,69.165.206.28
45,Doretta,Danks,ddanks18@pen.io,Female,108.201.142.122
46,Maris,Zieme,mzieme19@imageshack.us,Non-binary,246.179.49.139
47,Barton,Simoncello,bsimoncello1a@prweb.com,Male,37.93.1.200
48,Rakel,McKelvey,rmckelvey1b@gov.uk,Female,24.69.29.240
49,Clevie,Zold,czold1c@aboutads.info,Male,239.244.37.0
50,Vic,Hulburd,vhulburd1d@deviantart.com,Male,123.116.149.205
51,Dena,Ashpole,dashpole1e@mediafire.com,Female,118.206.171.141
52,Chane,Cottam,ccottam1f@elpais.com,Male,54.153.154.223
53,Leon,Romer,lromer1g@hp.com,Male,79.111.38.228
54,Nathanil,Jonsson,njonsson1h@hexun.com,Male,82.156.243.243
55,Felic,Smye,fsmye1i@mapquest.com,Male,55.209.16.14
56,Arleta,Patis,apatis1j@wordpress.org,Female,123.207.194.37
57,Benito,Bosanko,bbosanko1k@senate.gov,Non-binary,117.121.213.124
58,Jolee,Sherringham,jsherringham1l@mapquest.com,Female,189.233.234.123
59,Eadith,Neesam,eneesam1m@rediff.com,Non-binary,103.68.42.41
60,Marigold,Pavlik,mpavlik1n@geocities.jp,Agender,205.55.171.50
61,Marlin,Basnall,mbasnall1o@hibu.com,Male,223.86.159.159
62,Clyve,Adanez,cadanez1p@europa.eu,Male,25.58.51.92
63,Tye,Jewar,tjewar1q@weibo.com,Male,9.90.142.88
64,Herby,Lethebridge,hlethebridge1r@123-reg.co.uk,Male,252.111.4.192
65,Alameda,Morphey,amorphey1s@sfgate.com,Female,0.55.2.201
66,Roddie,Hellin,rhellin1t@oaic.gov.au,Male,4.137.250.76
67,Dolley,Lammerts,dlammerts1u@soup.io,Female,134.180.246.222
68,Cookie,Forgan,cforgan1v@g.co,Female,242.244.107.120
69,Cecilius,Bullion,cbullion1w@ca.gov,Agender,126.12.2.18
70,Nathalia,Sondon,nsondon1x@nyu.edu,Female,133.133.150.62
71,Wit,Carlet,wcarlet1y@digg.com,Male,245.49.115.248
72,Merrilee,De Launde,mdelaunde1z@narod.ru,Female,15.73.178.85
73,Benson,Pratty,bpratty20@google.de,Male,165.73.24.241
74,Joshua,Sexten,jsexten21@alexa.com,Male,203.15.188.13
75,Gasper,Cocking,gcocking22@google.ru,Male,56.82.206.147
76,Franchot,Forgie,fforgie23@senate.gov,Male,32.231.133.74
77,Dolley,Sullly,dsullly24@springer.com,Female,158.131.66.210
78,Hinda,Lewzey,hlewzey25@seesaa.net,Female,248.172.110.58
79,Charla,Muncey,cmuncey26@istockphoto.com,Female,148.180.57.152
80,Marysa,Greatbank,mgreatbank27@bizjournals.com,Female,146.233.16.145
81,Farrell,Sotworth,fsotworth28@fastcompany.com,Male,153.206.93.146
82,Filmer,Vitler,fvitler29@histats.com,Male,168.86.74.254
83,Niki,Pursehouse,npursehouse2a@tripadvisor.com,Male,52.82.173.192
84,Reagan,Smedmore,rsmedmore2b@bluehost.com,Male,243.73.137.194
85,Rogerio,Menaul,rmenaul2c@slashdot.org,Male,136.13.163.199
86,Laverne,Strugnell,lstrugnell2d@go.com,Non-binary,155.144.206.40
87,Elsbeth,Kiera,ekiera2e@discovery.com,Female,187.166.243.10
88,Ardis,MacFadzean,amacfadzean2f@netscape.com,Female,83.204.191.236
89,Chrissy,Craiker,ccraiker2g@arstechnica.com,Female,107.29.163.171
90,Cordell,Keller,ckeller2h@nih.gov,Male,169.62.72.51
91,Dani,Klimecki,dklimecki2i@auda.org.au,Male,18.60.37.192
92,Konstantine,Hethron,khethron2j@altervista.org,Male,28.136.58.224
93,Kenny,Mc Grath,kmcgrath2k@theatlantic.com,Male,251.138.194.170
94,Giacopo,Winnister,gwinnister2l@biglobe.ne.jp,Male,208.209.209.246
95,Liva,Thornally,lthornally2m@wikia.com,Female,30.40.157.97
96,Theresina,Masham,tmasham2n@github.com,Female,92.149.161.43
97,Nealson,MacCartney,nmaccartney2o@hatena.ne.jp,Male,99.176.246.61
98,Deedee,Oxtaby,doxtaby2p@jigsy.com,Female,149.102.86.165
99,Humberto,Praton,hpraton2q@skype.com,Male,115.50.232.150
100,Cassie,Durrett,cdurrett2r@comsenz.com,Female,199.51.11.35
101,Griffith,Averill,gaverill2s@trellian.com,Male,77.81.103.190
102,Waring,Tryme,wtryme2t@ow.ly,Male,138.182.68.59
103,Rudyard,Starmore,rstarmore2u@people.com.cn,Male,73.3.14.193
104,Michele,Cleynaert,mcleynaert2v@amazon.de,Male,237.193.58.146
105,Fredia,Guillond,fguillond2w@pbs.org,Female,188.211.59.129
106,Denny,Trumpeter,dtrumpeter2x@answers.com,Male,82.137.204.251
107,Lynnet,Clair,lclair2y@epa.gov,Female,231.183.205.28
108,Johnette,Halvosen,jhalvosen2z@storify.com,Agender,225.40.45.227
109,Les,Furphy,lfurphy30@cnn.com,Male,91.209.5.125
110,Omar,Kellegher,okellegher31@webeden.co.uk,Male,157.83.172.251
111,Florida,Hamsson,fhamsson32@youtube.com,Female,165.150.35.139
112,Jenifer,Leneve,jleneve33@ebay.com,Female,161.214.154.216
113,Prentice,Butterfill,pbutterfill34@pen.io,Male,151.110.13.25
114,Dode,Lyddy,dlyddy35@cmu.edu,Female,0.196.47.189
115,Cristina,Divell,cdivell36@networkadvertising.org,Female,206.203.159.33
116,Renee,Ungerechts,rungerechts37@prweb.com,Female,89.97.231.123
117,Louis,Irons,lirons38@mozilla.org,Genderqueer,56.194.100.95
118,Sayre,Giacopazzi,sgiacopazzi39@craigslist.org,Female,66.139.176.13
119,Danyelle,Lightollers,dlightollers3a@xinhuanet.com,Female,116.123.251.202
120,Olivia,Parkey,oparkey3b@geocities.jp,Female,96.51.118.113
121,Nicky,Gooly,ngooly3c@cpanel.net,Male,16.127.131.125
122,Elvira,Swales,eswales3d@wsj.com,Female,93.32.172.253
123,Curt,Talboy,ctalboy3e@indiatimes.com,Male,222.191.150.164
124,Daniel,Malarkey,dmalarkey3f@europa.eu,Male,248.191.99.173
125,Cecilla,MacNamee,cmacnamee3g@pcworld.com,Polygender,212.41.211.89
126,Silvia,Rawcliffe,srawcliffe3h@weebly.com,Female,94.208.11.139
127,Clarke,Gommowe,cgommowe3i@blogger.com,Male,205.129.194.214
128,Carissa,Dennett,cdennett3j@multiply.com,Female,250.75.170.78
129,Sibella,Wilkin,swilkin3k@fc2.com,Female,172.197.126.255
130,Eli,Stathers,estathers3l@elpais.com,Male,55.144.34.207
131,Faustina,Bruck,fbruck3m@addthis.com,Female,228.127.199.233
132,Tulley,Emblow,temblow3n@dion.ne.jp,Male,195.208.22.51
133,Halley,Miner,hminer3o@dell.com,Female,125.14.79.93
134,Erinn,Arrault,earrault3p@archive.org,Polygender,173.239.208.97
135,Brock,Rowbottom,browbottom3q@ftc.gov,Male,25.1.121.138
136,Lisbeth,Randalston,lrandalston3r@fc2.com,Genderqueer,222.115.154.167
137,Cornelle,Pettiford,cpettiford3s@rambler.ru,Female,96.198.183.105
138,Nickolai,Hele,nhele3t@google.de,Male,178.203.58.3
139,Diarmid,de Zamora,ddezamora3u@studiopress.com,Male,82.221.134.241
140,Berkly,Chadwick,bchadwick3v@usda.gov,Male,92.189.24.224
141,Winslow,Pirot,wpirot3w@ed.gov,Male,117.59.211.61
142,Nat,Haggerty,nhaggerty3x@unesco.org,Male,24.216.88.190
143,Eleanora,Scottini,escottini3y@howstuffworks.com,Female,4.125.41.153
144,Trude,Colum,tcolum3z@alexa.com,Female,110.57.65.56
145,Kata,Blaszkiewicz,kblaszkiewicz40@foxnews.com,Female,97.71.122.125
146,Arlee,Boulder,aboulder41@dedecms.com,Female,70.219.55.87
147,Merna,Ricco,mricco42@booking.com,Female,160.69.67.39
148,Sullivan,Cypler,scypler43@wunderground.com,Male,80.80.183.78
149,Marcela,Cosans,mcosans44@utexas.edu,Female,32.188.22.169
150,Benson,Presley,bpresley45@hexun.com,Male,3.110.204.136
151,Skipp,Spradbrow,sspradbrow46@uol.com.br,Male,216.230.104.161
152,Derron,Savine,dsavine47@walmart.com,Male,142.88.226.118
153,Richmound,Isakov,risakov48@mtv.com,Male,140.130.77.182
154,Yorgo,Brunotti,ybrunotti49@youtube.com,Male,183.194.30.13
155,Kayla,Dabbs,kdabbs4a@cafepress.com,Female,162.149.174.82
156,Faydra,Filchakov,ffilchakov4b@google.com,Female,231.121.97.239
157,Vachel,Tilsley,vtilsley4c@bloglines.com,Male,206.198.22.91
158,Doyle,Welfare,dwelfare4d@booking.com,Male,22.49.39.153
159,Odilia,Hattersley,ohattersley4e@washingtonpost.com,Female,79.71.115.217
160,Daryle,Yurasov,dyurasov4f@omniture.com,Male,1.213.97.100
161,Rayner,Twiddell,rtwiddell4g@desdev.cn,Male,124.188.190.75
162,Tamas,Brogi,tbrogi4h@abc.net.au,Male,112.98.232.142
163,Desi,Hawthorne,dhawthorne4i@meetup.com,Male,23.43.148.189
164,Pate,Balls,pballs4j@naver.com,Male,84.141.64.171
165,Chiarra,Haslock(e),chaslocke4k@ebay.com,Female,251.195.119.63
166,Rolland,Boland,rboland4l@nydailynews.com,Male,245.1.234.34
167,Frants,Kingscott,fkingscott4m@discuz.net,Male,135.76.76.181
168,Irving,Fehners,ifehners4n@jigsy.com,Male,13.175.147.201
169,Charis,Bryde,cbryde4o@joomla.org,Female,27.193.34.241
170,Leontyne,Milch,lmilch4p@odnoklassniki.ru,Female,148.170.88.180
171,Hartwell,Fortey,hfortey4q@desdev.cn,Male,62.94.188.42
172,Ashbey,Pask,apask4r@plala.or.jp,Male,66.76.211.216
173,Bert,Campbell,bcampbell4s@hp.com,Male,87.225.164.158
174,Gregoire,Trembley,gtrembley4t@artisteer.com,Male,154.141.40.226
175,Odell,Genders,ogenders4u@cbslocal.com,Male,169.238.25.51
176,Jodie,Harriman,jharriman4v@timesonline.co.uk,Polygender,23.203.49.33
177,Celka,Harlock,charlock4w@netvibes.com,Female,181.236.228.86
178,Henryetta,Stillert,hstillert4x@globo.com,Female,146.217.14.131
179,Silvio,Chesher,schesher4y@netlog.com,Male,179.40.59.88
180,Mercie,Unthank,munthank4z@archive.org,Female,116.156.6.87
181,Franchot,Filliskirk,ffilliskirk50@google.de,Male,16.241.161.29
182,Cornela,Lawland,clawland51@topsy.com,Female,91.244.69.225
183,Mona,Lackington,mlackington52@themeforest.net,Female,252.144.222.217
184,Addy,Ollin,aollin53@51.la,Non-binary,89.249.63.10
185,Lauralee,Kennedy,lkennedy54@myspace.com,Female,233.160.163.85
186,Estel,Laugier,elaugier55@ameblo.jp,Female,213.199.206.68
187,Lola,Pavlovsky,lpavlovsky56@wordpress.com,Female,86.42.159.27
188,Phaidra,Petrashov,ppetrashov57@squarespace.com,Female,179.180.10.120
189,Ruperto,Lyford,rlyford58@meetup.com,Male,148.253.200.108
190,Desiree,Boost,dboost59@cornell.edu,Female,245.5.35.230
191,Kaile,Sukbhans,ksukbhans5a@aol.com,Genderqueer,91.202.25.126
192,Myrtice,Kerkham,mkerkham5b@thetimes.co.uk,Female,101.41.239.161
193,Emilie,Bezemer,ebezemer5c@rediff.com,Female,210.17.254.194
194,Griffie,Addams,gaddams5d@shutterfly.com,Male,32.81.226.253
195,Catharine,Dundridge,cdundridge5e@ox.ac.uk,Female,99.87.89.17
196,Michail,Veltmann,mveltmann5f@histats.com,Male,7.137.245.77
197,Burgess,Redshaw,bredshaw5g@ca.gov,Male,104.179.162.18
198,Tandi,Vasilchenko,tvasilchenko5h@time.com,Female,74.122.56.116
199,Aubrey,Hinkley,ahinkley5i@google.co.uk,Female,68.189.176.92
200,Elden,Allum,eallum5j@cnet.com,Male,122.238.88.118
201,Hy,Cottie,hcottie5k@google.com.au,Male,102.39.159.31
202,Cassi,Mahony,cmahony5l@comsenz.com,Female,190.55.189.12
203,Helena,Jewsbury,hjewsbury5m@discovery.com,Non-binary,208.60.237.58
204,Bartholomew,Vasyuchov,bvasyuchov5n@wiley.com,Male,35.221.160.113
205,Esteban,Astman,eastman5o@opera.com,Genderqueer,43.184.48.198
206,Towny,Brideau,tbrideau5p@house.gov,Male,5.36.218.126
207,Sharleen,Killelay,skillelay5q@google.com.hk,Female,202.104.228.205
208,Nicole,Sandeman,nsandeman5r@noaa.gov,Female,13.242.220.117
209,Kin,MacLachlan,kmaclachlan5s@networkadvertising.org,Male,94.176.64.167
210,Corbin,Simoncelli,csimoncelli5t@sphinn.com,Male,82.133.121.137
211,Sophey,Englefield,senglefield5u@ovh.net,Female,247.30.155.213
212,Lester,Nairns,lnairns5v@vinaora.com,Male,155.174.71.227
213,Nestor,Nagle,nnagle5w@cnn.com,Male,126.163.41.215
214,Murial,Garford,mgarford5x@vimeo.com,Female,82.171.198.19
215,Jillayne,Duffin,jduffin5y@miitbeian.gov.cn,Female,38.125.110.180
216,Brietta,Jewis,bjewis5z@alibaba.com,Female,179.131.9.177
217,Lynsey,Swannell,lswannell60@vk.com,Female,228.181.192.89
218,Ty,Tesseyman,ttesseyman61@howstuffworks.com,Male,182.178.62.24
219,Ted,Tarrier,ttarrier62@live.com,Male,107.96.50.159
220,Matthew,Sylvester,msylvester63@liveinternet.ru,Male,125.33.84.41
221,Miller,Parley,mparley64@omniture.com,Male,23.90.139.69
222,Eimile,Leehane,eleehane65@arstechnica.com,Female,164.162.254.93
223,Luis,Pembery,lpembery66@japanpost.jp,Male,184.151.128.114
224,Reggie,Lum,rlum67@chron.com,Male,191.199.89.103
225,Rubin,Wakeford,rwakeford68@netlog.com,Male,101.84.142.72
226,Donna,Dayborne,ddayborne69@multiply.com,Female,46.130.21.202
227,Vania,Twallin,vtwallin6a@google.ca,Female,246.37.182.114
228,Fernandina,Bartolomeo,fbartolomeo6b@washington.edu,Female,54.209.7.135
229,Felisha,Ritchings,fritchings6c@springer.com,Female,182.230.198.25
230,Clarey,Florey,cflorey6d@icio.us,Non-binary,75.130.117.26
231,Neel,Sallans,nsallans6e@princeton.edu,Polygender,229.88.209.91
232,Travis,Trewin,ttrewin6f@amazon.com,Male,60.232.57.127
233,Caz,Crate,ccrate6g@pbs.org,Male,198.221.122.114
234,Gwendolyn,Bremond,gbremond6h@istockphoto.com,Female,29.45.103.109
235,Pippy,Berrycloth,pberrycloth6i@shutterfly.com,Female,38.69.123.225
236,Corilla,Blofield,cblofield6j@youtu.be,Bigender,14.9.125.184
237,Sutherland,Chinn,schinn6k@yahoo.co.jp,Male,187.226.111.148
238,Hamish,Rowley,hrowley6l@earthlink.net,Male,244.15.8.86
239,Melisenda,Zelley,mzelley6m@kickstarter.com,Non-binary,198.205.208.111
240,Casi,Demonge,cdemonge6n@sakura.ne.jp,Female,189.243.170.1
241,Errick,Stoneley,estoneley6o@furl.net,Male,249.177.156.154
242,Lorens,Cromie,lcromie6p@sun.com,Genderqueer,219.31.205.115
243,Cristi,McMahon,cmcmahon6q@cnet.com,Female,217.158.43.142
244,Corbett,Capron,ccapron6r@tmall.com,Male,87.59.8.141
245,Fonzie,Leverette,fleverette6s@sciencedirect.com,Male,140.56.147.64
246,Linnet,Allchorn,lallchorn6t@mac.com,Polygender,198.11.103.205
247,Karrah,Cawte,kcawte6u@eepurl.com,Bigender,36.140.63.237
248,Sarajane,Hazeldean,shazeldean6v@sina.com.cn,Female,188.196.126.224
249,Elizabeth,Fugere,efugere6w@economist.com,Female,87.117.126.90
250,Merry,Ochterlonie,mochterlonie6x@smh.com.au,Male,12.75.171.185
251,Gal,Skylett,gskylett6y@bbc.co.uk,Male,251.221.42.82
252,Gail,Caldecutt,gcaldecutt6z@sbwire.com,Male,111.143.14.55
253,Jonathan,Rigardeau,jrigardeau70@discuz.net,Male,197.106.214.160
254,Penrod,Antoniottii,pantoniottii71@earthlink.net,Male,53.169.239.120
255,Federica,Rickets,frickets72@purevolume.com,Female,139.132.104.241
256,Jacklyn,Mantione,jmantione73@istockphoto.com,Female,127.233.219.200
257,Rodolph,Uren,ruren74@admin.ch,Male,208.194.229.246
258,Thadeus,Moresby,tmoresby75@vk.com,Non-binary,51.116.197.180
259,Sherye,Faley,sfaley76@histats.com,Genderqueer,41.126.208.245
260,Frayda,Palmer,fpalmer77@loc.gov,Female,1.22.81.213
261,Lanna,Spurriar,lspurriar78@imdb.com,Female,215.185.87.96
262,Yuma,Sare,ysare79@hhs.gov,Polygender,77.216.235.239
263,Brigitte,Fancy,bfancy7a@sciencedirect.com,Genderqueer,137.171.170.57
264,Vincents,Germann,vgermann7b@tiny.cc,Male,17.44.11.64
265,Sibley,Janney,sjanney7c@blogs.com,Female,227.33.1.13
266,Jazmin,Catcherside,jcatcherside7d@bandcamp.com,Female,68.30.55.140
267,Dulcinea,Lys,dlys7e@ox.ac.uk,Female,161.7.177.222
268,Leon,MacLaig,lmaclaig7f@netscape.com,Male,239.161.83.78
269,Angelle,Hargie,ahargie7g@exblog.jp,Female,200.142.135.188
270,Isa,Polotti,ipolotti7h@jalbum.net,Male,199.118.141.87
271,Kaiser,Hazelgrove,khazelgrove7i@abc.net.au,Male,21.218.142.88
272,Benni,Scocroft,bscocroft7j@answers.com,Female,88.244.54.213
273,Effie,Smorthit,esmorthit7k@microsoft.com,Female,29.176.249.133
274,Fidela,Fitzackerley,ffitzackerley7l@hc360.com,Female,173.3.206.144
275,Abbott,Rolfe,arolfe7m@theguardian.com,Male,220.222.199.126
276,Guthrie,Clerc,gclerc7n@mashable.com,Male,1.250.140.184
277,Donnie,Forsey,dforsey7o@csmonitor.com,Female,59.190.77.239
278,Skelly,Wayvill,swayvill7p@gravatar.com,Male,82.178.89.124
279,Nancey,Jolliman,njolliman7q@aol.com,Female,20.40.9.91
280,Dorolice,Tilmouth,dtilmouth7r@rediff.com,Female,96.164.156.19
281,Geno,Slayton,gslayton7s@youtu.be,Genderqueer,160.247.249.171
282,Raphaela,Walisiak,rwalisiak7t@163.com,Female,245.229.186.16
283,Hermon,Bussel,hbussel7u@ihg.com,Male,43.91.57.125
284,Ellswerth,Spencock,espencock7v@123-reg.co.uk,Male,76.192.82.170
285,Philippe,Baudinot,pbaudinot7w@apache.org,Female,88.43.136.170
286,Roselin,McGuffie,rmcguffie7x@ovh.net,Female,31.143.31.233
287,Ebba,Risebrow,erisebrow7y@ted.com,Female,253.246.56.95
288,Collie,Dell Casa,cdellcasa7z@cbsnews.com,Female,7.223.7.151
289,Yves,Tatersale,ytatersale80@cbc.ca,Male,229.124.29.3
290,Ailee,Cridland,acridland81@zdnet.com,Female,206.173.138.190
291,Kennith,Kinnie,kkinnie82@answers.com,Agender,83.146.137.152
292,Rheba,Adshad,radshad83@devhub.com,Female,18.22.143.41
293,Caldwell,Bridgens,cbridgens84@wikimedia.org,Male,225.27.60.215
294,Moe,Steggals,msteggals85@nasa.gov,Male,62.231.86.114
295,Sallee,Orys,sorys86@linkedin.com,Agender,217.87.176.95
296,Leia,Goldin,lgoldin87@blogspot.com,Female,156.204.60.175
297,Torin,Matus,tmatus88@examiner.com,Male,134.222.43.5
298,Dot,Prettjohn,dprettjohn89@liveinternet.ru,Female,209.220.226.188
299,Vince,Kensall,vkensall8a@foxnews.com,Male,207.105.94.115
300,Almeda,Keen,akeen8b@ifeng.com,Polygender,149.239.175.54
301,Sly,Ridewood,sridewood8c@cloudflare.com,Male,43.70.252.97
302,Susana,Epton,septon8d@fastcompany.com,Female,97.83.255.182
303,Abby,Simonetto,asimonetto8e@cam.ac.uk,Genderqueer,106.18.24.70
304,Stanton,Kittley,skittley8f@facebook.com,Male,137.62.227.47
305,Delbert,Bladge,dbladge8g@unesco.org,Male,101.150.53.197
306,Allene,Rudkin,arudkin8h@furl.net,Female,187.12.226.154
307,Dorthea,Hornig,dhornig8i@bloglovin.com,Female,172.155.5.227
308,Kelcy,Dulwich,kdulwich8j@nhs.uk,Genderfluid,54.64.194.3
309,Austine,De Ambrosi,adeambrosi8k@netlog.com,Female,72.154.252.20
310,Merlina,Sellors,msellors8l@bizjournals.com,Female,250.108.62.102
311,Olive,Pawelczyk,opawelczyk8m@wisc.edu,Female,249.190.116.183
312,Tarah,Yakebovitch,tyakebovitch8n@plala.or.jp,Female,6.236.75.47
313,Pietrek,Dillway,pdillway8o@eepurl.com,Male,9.176.90.65
314,Carmel,Paoloni,cpaoloni8p@noaa.gov,Female,107.171.180.73
315,Tedd,Bras,tbras8q@skype.com,Male,44.150.193.237
316,Clayson,Pidgeley,cpidgeley8r@nhs.uk,Male,252.98.21.173
317,Arne,Kaser,akaser8s@angelfire.com,Male,108.85.74.102
318,Petr,Freak,pfreak8t@wisc.edu,Male,238.4.57.90
319,Rozella,Klauber,rklauber8u@ca.gov,Female,173.83.70.79
320,Cloe,Ashborne,cashborne8v@ezinearticles.com,Female,154.134.247.165
321,Letty,Pengilly,lpengilly8w@usgs.gov,Non-binary,3.225.254.132
322,Carrie,Mityushkin,cmityushkin8x@51.la,Genderqueer,207.46.58.115
323,Morton,Denecamp,mdenecamp8y@weibo.com,Male,141.156.77.81
324,Jeralee,Dade,jdade8z@springer.com,Female,216.1.226.108
325,Peta,Marikhin,pmarikhin90@washingtonpost.com,Female,63.171.203.236
326,Chuck,De Biaggi,cdebiaggi91@vimeo.com,Male,141.15.91.244
327,Percy,Waison,pwaison92@xrea.com,Male,138.156.192.152
328,Merrill,Lownsbrough,mlownsbrough93@yellowbook.com,Male,153.88.113.79
329,Nowell,Sivior,nsivior94@nps.gov,Male,214.233.142.102
330,Vincenz,Ortiger,vortiger95@shutterfly.com,Male,36.171.158.143
331,Harmonie,Chessel,hchessel96@cbsnews.com,Female,206.109.25.172
332,Orin,Roels,oroels97@disqus.com,Male,120.156.135.24
333,Barris,Badrock,bbadrock98@so-net.ne.jp,Male,127.252.99.128
334,Karney,MacCahey,kmaccahey99@telegraph.co.uk,Male,59.132.101.80
335,Dorena,Elacoate,delacoate9a@rakuten.co.jp,Female,222.186.254.106
336,Pembroke,Matyushonok,pmatyushonok9b@amazon.de,Male,139.65.111.102
337,Chandler,Danby,cdanby9c@un.org,Male,137.44.205.6
338,Fae,Binder,fbinder9d@so-net.ne.jp,Female,75.3.2.151
339,Wendye,Soldner,wsoldner9e@amazon.de,Female,123.228.193.216
340,See,Burvill,sburvill9f@independent.co.uk,Male,32.39.86.47
341,Kelbee,Inglefield,kinglefield9g@free.fr,Male,203.201.160.234
342,Moses,Enderson,menderson9h@usa.gov,Male,52.132.196.53
343,Conrad,Reinhardt,creinhardt9i@businessweek.com,Male,112.47.90.141
344,Judah,Woolstenholmes,jwoolstenholmes9j@answers.com,Agender,81.213.205.61
345,Blaine,Predohl,bpredohl9k@unicef.org,Male,60.162.137.131
346,Gibbie,Minton,gminton9l@360.cn,Male,2.108.42.182
347,Julieta,Vlasenkov,jvlasenkov9m@java.com,Non-binary,14.226.208.67
348,Gawain,Lawles,glawles9n@google.de,Male,78.72.151.158
349,Joseph,Mulrooney,jmulrooney9o@goodreads.com,Male,253.44.182.124
350,Billy,MacKniely,bmackniely9p@people.com.cn,Male,155.220.235.102
351,Rosanna,Capenor,rcapenor9q@slideshare.net,Female,39.73.178.192
352,Aldis,Parnall,aparnall9r@list-manage.com,Male,32.1.26.6
353,Ulrikaumeko,Darlasson,udarlasson9s@topsy.com,Female,38.120.170.1
354,Ernesta,Singyard,esingyard9t@phpbb.com,Female,131.10.41.200
355,Richardo,Mee,rmee9u@nbcnews.com,Male,55.66.6.109
356,Haleigh,Ainsley,hainsley9v@kickstarter.com,Male,115.73.198.76
357,Pegeen,Roels,proels9w@craigslist.org,Agender,163.172.218.164
358,Lionello,Donizeau,ldonizeau9x@weibo.com,Male,69.212.115.178
359,Alika,Soares,asoares9y@state.gov,Female,11.217.162.230
360,George,Mahon,gmahon9z@mlb.com,Female,17.248.75.240
361,Virginia,Shankle,vshanklea0@imageshack.us,Female,64.207.199.26
362,Evelyn,Strotone,estrotonea1@webs.com,Male,50.200.40.215
363,Pembroke,Lesper,plespera2@java.com,Male,153.241.187.185
364,Johan,Mengo,jmengoa3@google.ca,Male,212.105.209.171
365,Irving,Witt,iwitta4@tinyurl.com,Male,62.136.166.253
366,Margarete,O' Neligan,moneligana5@taobao.com,Female,184.11.87.157
367,Oralie,Devanney,odevanneya6@shinystat.com,Female,207.218.211.2
368,Ingunna,Eades,ieadesa7@netlog.com,Female,226.0.75.58
369,Nicholle,MacGorley,nmacgorleya8@bravesites.com,Female,246.149.52.215
370,Riannon,Cottle,rcottlea9@utexas.edu,Female,131.237.142.201
371,Clara,Heinreich,cheinreichaa@symantec.com,Female,149.160.165.59
372,Konstance,Camplin,kcamplinab@dyndns.org,Female,27.5.92.236
373,Norina,Desmond,ndesmondac@mapy.cz,Female,112.238.236.251
374,Lanae,Fideler,lfidelerad@sakura.ne.jp,Female,72.36.177.153
375,Krista,Biddy,kbiddyae@shutterfly.com,Female,156.158.58.216
376,Francene,Sleeny,fsleenyaf@salon.com,Female,60.75.96.172
377,Yardley,Schukert,yschukertag@sun.com,Bigender,137.130.232.248
378,Skipp,Allin,sallinah@nbcnews.com,Male,139.51.231.20
379,Ronnica,Pring,rpringai@shinystat.com,Female,59.61.243.129
380,Brandtr,Corbert,bcorbertaj@cyberchimps.com,Male,59.101.179.122
381,Ric,Lofts,rloftsak@yahoo.com,Male,237.152.176.72
382,Kellyann,Clive,kcliveal@answers.com,Female,33.98.6.220
383,Page,Stoute,pstouteam@china.com.cn,Male,222.194.24.173
384,Trevor,Crix,tcrixan@yolasite.com,Male,35.60.6.88
385,Bren,Iceton,bicetonao@eventbrite.com,Female,85.25.161.85
386,Ira,Denisovo,idenisovoap@amazon.co.jp,Male,110.96.45.138
387,Leonie,Jones,ljonesaq@psu.edu,Female,200.242.155.242
388,Olivero,Nourse,onoursear@blogspot.com,Male,61.119.212.68
389,Nate,Barks,nbarksas@eventbrite.com,Male,63.47.150.103
390,Arlina,Milvarnie,amilvarnieat@nymag.com,Female,186.157.89.29
391,Elston,Hinckley,ehinckleyau@elegantthemes.com,Male,81.96.224.113
392,Milly,Stiddard,mstiddardav@spiegel.de,Female,162.140.97.62
393,Kev,Artrick,kartrickaw@biblegateway.com,Male,255.32.157.62
394,Pauli,Grisdale,pgrisdaleax@hud.gov,Female,242.15.233.28
395,Aretha,McQuade,amcquadeay@unicef.org,Female,236.149.234.27
396,Christiano,Flitcroft,cflitcroftaz@sun.com,Male,179.187.155.187
397,Rafael,Clemetts,rclemettsb0@cisco.com,Genderfluid,107.131.69.164
398,Siffre,McCurlye,smccurlyeb1@pen.io,Male,210.27.253.28
399,Kinna,Lesper,klesperb2@alibaba.com,Female,41.4.130.20
400,Carleton,Osinin,cosininb3@cisco.com,Male,63.127.62.103
401,Bunnie,Etteridge,betteridgeb4@marketwatch.com,Female,57.110.34.116
402,Wenda,Silverstone,wsilverstoneb5@psu.edu,Female,142.213.13.128
403,Avril,O'Currigan,aocurriganb6@mysql.com,Female,220.170.206.4
404,Linc,Chastang,lchastangb7@shutterfly.com,Male,145.132.17.32
405,Jennie,Claringbold,jclaringboldb8@w3.org,Female,50.196.125.44
406,Fabio,Kinder,fkinderb9@abc.net.au,Male,58.28.91.50
407,Koo,Spadollini,kspadolliniba@etsy.com,Female,111.3.86.202
408,Linn,Gotter,lgotterbb@wired.com,Female,252.157.43.57
409,Valencia,Bedson,vbedsonbc@constantcontact.com,Agender,127.72.237.52
410,Joline,Wiley,jwileybd@ucsd.edu,Female,125.188.114.87
411,Delcine,Durward,ddurwardbe@yelp.com,Female,28.155.42.67
412,Bax,Sapwell,bsapwellbf@purevolume.com,Male,22.237.182.22
413,Koren,Domelaw,kdomelawbg@hc360.com,Female,90.3.105.183
414,Corey,Hanes,chanesbh@hc360.com,Female,219.189.170.166
415,Mufinella,Goodhew,mgoodhewbi@businesswire.com,Female,59.108.123.215
416,Lanni,Leeds,lleedsbj@e-recht24.de,Female,0.52.112.26
417,Joleen,Spread,jspreadbk@arizona.edu,Female,225.160.152.244
418,Sandra,Burdess,sburdessbl@twitpic.com,Female,79.152.101.9
419,Kit,Gonnel,kgonnelbm@dagondesign.com,Male,13.86.211.227
420,Mara,Alldis,malldisbn@ovh.net,Female,197.196.18.31
421,Arlette,Klaussen,aklaussenbo@rakuten.co.jp,Female,214.98.135.102
422,Yorgos,Tearny,ytearnybp@over-blog.com,Male,84.199.250.11
423,Bird,Sime,bsimebq@nydailynews.com,Female,90.36.27.162
424,Ado,Douthwaite,adouthwaitebr@economist.com,Genderfluid,63.248.148.58
425,Juanita,Scuse,jscusebs@naver.com,Female,138.74.220.252
426,Sullivan,Le Fevre,slefevrebt@opensource.org,Male,20.127.107.30
427,Sinclair,Stothard,sstothardbu@amazonaws.com,Genderqueer,239.99.100.250
428,Lorettalorna,Grundell,lgrundellbv@drupal.org,Female,252.65.111.9
429,Claresta,Madgewick,cmadgewickbw@tuttocitta.it,Bigender,144.243.32.248
430,Keefer,Frostick,kfrostickbx@nbcnews.com,Male,107.117.29.173
431,Calvin,Tunkin,ctunkinby@bandcamp.com,Male,161.73.65.26
432,Dimitry,Bollard,dbollardbz@shop-pro.jp,Male,90.214.197.74
433,Briney,Dosedale,bdosedalec0@yelp.com,Female,165.150.148.26
434,Darryl,Whetnell,dwhetnellc1@google.cn,Male,34.156.247.248
435,Jena,Colebeck,jcolebeckc2@theguardian.com,Female,40.161.133.165
436,Reena,Gibson,rgibsonc3@phpbb.com,Female,153.92.195.60
437,Ahmed,Fluit,afluitc4@mayoclinic.com,Male,156.103.4.222
438,Hortense,MacCosty,hmaccostyc5@slashdot.org,Female,136.223.105.151
439,Jaime,Creavin,jcreavinc6@wikipedia.org,Male,74.235.220.38
440,Budd,Dauby,bdaubyc7@123-reg.co.uk,Male,208.94.13.58
441,Katy,Marchant,kmarchantc8@disqus.com,Female,203.31.149.200
442,Sonnnie,Kamena,skamenac9@is.gd,Non-binary,39.53.6.110
443,Ursuline,Levine,ulevineca@ox.ac.uk,Female,92.151.58.95
444,Alyda,Attard,aattardcb@house.gov,Female,128.72.250.229
445,Dre,Penwarden,dpenwardencc@ustream.tv,Female,35.135.94.243
446,Hobie,Ingram,hingramcd@google.es,Male,86.228.165.247
447,Henri,MacCague,hmaccaguece@mayoclinic.com,Male,17.101.10.136
448,Marya,Nelthorpe,mnelthorpecf@cnn.com,Female,165.18.121.171
449,Mayne,Marjanski,mmarjanskicg@woothemes.com,Non-binary,28.37.72.21
450,Carney,Attrie,cattriech@hibu.com,Male,85.118.1.94
451,Bevon,Ludford,bludfordci@china.com.cn,Male,1.209.51.229
452,Flint,Jullian,fjulliancj@independent.co.uk,Polygender,255.201.83.49
453,Emelia,Jaulmes,ejaulmesck@cisco.com,Female,155.227.118.221
454,Gaven,Rattrie,grattriecl@themeforest.net,Genderqueer,203.13.164.194
455,Datha,Schleswig-Holstein,dschleswigholsteincm@acquirethisname.com,Female,151.236.151.36
456,Eryn,Woolston,ewoolstoncn@ebay.co.uk,Female,189.80.35.31
457,Winonah,Whitebread,wwhitebreadco@eventbrite.com,Female,20.140.20.48
458,Agna,Holtom,aholtomcp@vk.com,Female,26.156.190.72
459,Katee,Stallan,kstallancq@mtv.com,Female,224.202.87.11
460,Georgetta,Olivier,goliviercr@irs.gov,Female,57.185.234.10
461,Maurizio,Negro,mnegrocs@nasa.gov,Male,50.202.229.63
462,Shadow,McVeighty,smcveightyct@quantcast.com,Male,34.47.156.243
463,Desmund,Spaven,dspavencu@dedecms.com,Male,178.3.168.136
464,Hazel,Elis,heliscv@51.la,Male,55.159.63.201
465,Kellsie,Dampier,kdampiercw@google.com,Female,187.94.135.184
466,Alejandro,Letten,alettencx@shinystat.com,Male,198.37.34.119
467,Zabrina,Deboo,zdeboocy@stumbleupon.com,Agender,105.80.126.130
468,Roland,Bockett,rbockettcz@paginegialle.it,Male,74.73.219.242
469,Fanechka,Treadgold,ftreadgoldd0@arstechnica.com,Female,44.231.72.16
470,Lenee,Sowle,lsowled1@ftc.gov,Female,51.71.191.33
471,Benoite,Drinkhall,bdrinkhalld2@washington.edu,Female,221.206.85.186
472,Hillel,Matityahu,hmatityahud3@guardian.co.uk,Male,247.61.196.32
473,Cirillo,Abyss,cabyssd4@opera.com,Male,114.124.174.206
474,Nealy,Ruegg,nrueggd5@globo.com,Male,115.90.31.178
475,Mychal,Skitteral,mskitterald6@etsy.com,Male,224.227.75.220
476,Seamus,Di Carlo,sdicarlod7@google.es,Male,215.154.154.153
477,Wendye,Pisco,wpiscod8@over-blog.com,Female,79.196.91.87
478,Rhona,Wogdon,rwogdond9@liveinternet.ru,Non-binary,240.200.111.36
479,Shalne,Rosencwaig,srosencwaigda@google.co.uk,Female,127.88.150.19
480,Anselma,Borel,aboreldb@google.pl,Female,214.222.207.220
481,Brendon,Colomb,bcolombdc@cbc.ca,Male,79.213.255.26
482,Marybeth,Goulborn,mgoulborndd@squarespace.com,Female,233.217.92.122
483,Carmelina,Oldrey,coldreyde@jimdo.com,Female,34.203.220.173
484,Tripp,Crabbe,tcrabbedf@qq.com,Male,170.137.56.173
485,Isaac,Whyborn,iwhyborndg@nps.gov,Male,177.105.239.237
486,Dusty,Joao,djoaodh@godaddy.com,Female,186.143.39.124
487,Carlina,Worshall,cworshalldi@irs.gov,Female,124.191.103.151
488,Neall,Lent,nlentdj@bing.com,Male,63.152.133.196
489,Vivyan,Furmenger,vfurmengerdk@list-manage.com,Female,14.163.97.76
490,Ardelis,McLaverty,amclavertydl@sohu.com,Polygender,224.101.165.66
491,Blane,Sayre,bsayredm@toplist.cz,Male,16.195.58.56
492,Rouvin,Mancktelow,rmancktelowdn@g.co,Genderfluid,233.159.114.236
493,Bo,Bulcock,bbulcockdo@ustream.tv,Male,109.24.252.204
494,Ulrike,Ambrose,uambrosedp@rambler.ru,Female,45.201.127.207
495,Nan,Bradder,nbradderdq@e-recht24.de,Female,174.58.165.150
496,Philippe,Youd,pyouddr@csmonitor.com,Female,170.254.255.156
497,Onida,Pusey,opuseyds@netlog.com,Female,187.58.145.160
498,Gabi,Stodd,gstodddt@squidoo.com,Agender,82.154.72.109
499,Ainslie,Kidston,akidstondu@seesaa.net,Female,4.120.73.179
500,Corly,Kettle,ckettledv@state.gov,Non-binary,98.41.238.161
501,Ysabel,Hessle,yhessledw@google.com,Female,179.122.203.4
502,Robinia,Salomon,rsalomondx@china.com.cn,Female,15.156.6.99
503,Mallorie,MacDermid,mmacdermiddy@alexa.com,Female,204.42.116.155
504,Connie,Noller,cnollerdz@nytimes.com,Male,215.255.120.156
505,Harmon,Delos,hdelose0@yellowpages.com,Agender,71.253.216.173
506,Kalie,Masdon,kmasdone1@nyu.edu,Female,128.64.57.105
507,Ailbert,Lydster,alydstere2@gravatar.com,Male,39.229.250.240
508,Kristopher,Willoughey,kwillougheye3@barnesandnoble.com,Male,242.254.205.193
509,Ariela,Gantzer,agantzere4@harvard.edu,Agender,108.14.251.195
510,Farah,Karys,fkaryse5@imageshack.us,Female,203.179.181.0
511,Abbot,Gapp,agappe6@about.com,Male,109.1.32.126
512,Lissa,Leist,lleiste7@icq.com,Female,111.55.166.19
513,Mandie,Fells,mfellse8@utexas.edu,Female,91.248.122.3
514,Bevin,Ferrulli,bferrullie9@bbc.co.uk,Male,164.250.78.59
515,Emmanuel,Nutkins,enutkinsea@jiathis.com,Male,121.14.9.216
516,Shayne,M'Chirrie,smchirrieeb@unicef.org,Male,114.152.144.87
517,Kandy,Crosetto,kcrosettoec@storify.com,Female,163.213.222.236
518,Mada,Shawe,mshaweed@europa.eu,Female,19.59.145.228
519,Bram,Gammons,bgammonsee@plala.or.jp,Genderqueer,46.132.202.198
520,Doloritas,Emery,demeryef@chicagotribune.com,Female,22.164.115.106
521,Dody,Pinching,dpinchingeg@tripod.com,Female,207.22.78.162
522,Cristina,Gaishson,cgaishsoneh@networksolutions.com,Female,103.173.238.120
523,Aluino,Barnshaw,abarnshawei@tumblr.com,Male,208.108.222.253
524,Zsa zsa,Getten,zgettenej@ehow.com,Female,225.95.50.80
525,Sonya,Hamblington,shamblingtonek@geocities.jp,Female,191.104.121.1
526,Kakalina,French,kfrenchel@4shared.com,Female,225.176.203.229
527,Cly,Pell,cpellem@g.co,Male,144.160.168.51
528,Winny,Angelo,wangeloen@slideshare.net,Male,113.225.23.10
529,Leonora,Morrish,lmorrisheo@about.me,Female,6.140.147.165
530,Charo,Breede,cbreedeep@hubpages.com,Genderfluid,168.193.140.36
531,Royall,Skillitt,rskillitteq@imgur.com,Male,244.20.119.253
532,Felipa,Cawthera,fcawtheraer@edublogs.org,Female,255.5.194.39
533,Jemmie,Ugoni,jugonies@opera.com,Female,7.237.70.221
534,Aurelea,Toma,atomaet@fc2.com,Female,15.86.203.4
535,Arie,Diboll,adibolleu@unblog.fr,Male,253.64.73.99
536,Aurelie,Braga,abragaev@yahoo.co.jp,Female,100.27.230.167
537,Cally,Bertomeu,cbertomeuew@answers.com,Female,221.132.41.191
538,Matti,Alsford,malsfordex@i2i.jp,Female,185.154.144.4
539,Teddie,Ducroe,tducroeey@wix.com,Male,172.98.168.98
540,Glenden,Wigelsworth,gwigelsworthez@army.mil,Male,129.162.45.201
541,Domeniga,Amott,damottf0@abc.net.au,Female,20.196.186.81
542,Trescha,O'Lagen,tolagenf1@wordpress.com,Female,116.123.188.219
543,Base,Squibe,bsquibef2@quantcast.com,Male,90.240.222.188
544,Mady,Sambiedge,msambiedgef3@woothemes.com,Female,36.123.59.238
545,Edd,Witheridge,ewitheridgef4@printfriendly.com,Male,242.40.55.40
546,Vonni,Pogg,vpoggf5@mashable.com,Female,116.1.54.158
547,Josias,Thornally,jthornallyf6@sfgate.com,Male,45.207.123.186
548,Winny,Blazi,wblazif7@census.gov,Female,211.166.49.135
549,Dennison,Olenichev,dolenichevf8@dagondesign.com,Male,140.201.168.129
550,Cordy,Dyhouse,cdyhousef9@time.com,Male,243.176.95.57
551,Torre,Hallbord,thallbordfa@ifeng.com,Male,137.192.171.250
552,Sol,Dyshart,sdyshartfb@google.cn,Male,129.168.166.6
553,Farica,Eaddy,feaddyfc@theatlantic.com,Female,173.195.86.221
554,Janeva,Newis,jnewisfd@hao123.com,Female,4.240.10.239
555,Patricia,Spriggen,pspriggenfe@furl.net,Female,70.48.80.157
556,Felicity,Whittek,fwhittekff@weibo.com,Female,98.87.37.224
557,Theodora,Nosworthy,tnosworthyfg@umn.edu,Genderfluid,32.186.176.170
558,Brittne,Sambath,bsambathfh@narod.ru,Female,202.49.225.48
559,Horatio,Fosbraey,hfosbraeyfi@icq.com,Male,197.74.57.111
560,Ginnifer,Maffetti,gmaffettifj@feedburner.com,Female,96.88.199.234
561,Rodie,Wicken,rwickenfk@a8.net,Female,19.66.254.35
562,Bradly,Dursley,bdursleyfl@google.ru,Male,15.52.100.176
563,Tarah,Dullard,tdullardfm@nih.gov,Female,205.161.77.167
564,Nora,Scamal,nscamalfn@rakuten.co.jp,Bigender,224.122.104.252
565,Bernie,Ranns,brannsfo@alibaba.com,Female,36.119.149.191
566,Babbette,Hundy,bhundyfp@dmoz.org,Female,235.228.16.103
567,Ethelred,Speirs,espeirsfq@vk.com,Male,69.44.227.190
568,Darda,Tollerfield,dtollerfieldfr@themeforest.net,Female,61.147.158.99
569,Brig,Rain,brainfs@google.es,Male,240.224.206.57
570,Berkley,Twinbourne,btwinbourneft@free.fr,Genderfluid,195.97.255.7
571,Hedda,MacKall,hmackallfu@de.vu,Female,156.221.116.170
572,Kin,Dilawey,kdilaweyfv@accuweather.com,Male,182.116.89.164
573,Gale,Pepis,gpepisfw@hibu.com,Genderfluid,140.153.201.216
574,Nelson,Habershon,nhabershonfx@hibu.com,Male,222.40.248.29
575,Gaelan,Hews,ghewsfy@vimeo.com,Male,55.55.71.217
576,Nero,Mirfield,nmirfieldfz@stanford.edu,Male,101.178.15.96
577,Vivia,Nimmo,vnimmog0@weather.com,Female,217.214.8.41
578,Chryste,Knewstubb,cknewstubbg1@cisco.com,Female,38.232.110.131
579,Sigfried,Chellenham,schellenhamg2@instagram.com,Male,180.4.88.209
580,Merrick,Bellringer,mbellringerg3@cnbc.com,Male,136.145.142.34
581,Jori,Digby,jdigbyg4@wordpress.org,Female,184.27.71.213
582,Verina,Morland,vmorlandg5@boston.com,Female,46.211.241.16
583,Shina,O'Keaveny,sokeavenyg6@indiatimes.com,Female,44.33.211.187
584,Madelene,Coundley,mcoundleyg7@barnesandnoble.com,Female,74.169.58.148
585,Cammy,Tolputt,ctolputtg8@friendfeed.com,Male,179.255.182.68
586,Zea,Ranns,zrannsg9@nature.com,Female,188.121.146.21
587,Brnaba,Rentoll,brentollga@ft.com,Male,246.241.143.139
588,Flossy,Marquot,fmarquotgb@ucla.edu,Female,71.41.219.36
589,Warde,Borgne,wborgnegc@com.com,Bigender,109.16.21.252
590,Stephine,Commins,scomminsgd@newsvine.com,Genderqueer,166.83.8.125
591,Erskine,Loyndon,eloyndonge@virginia.edu,Male,109.230.36.121
592,Evangelin,Greenroa,egreenroagf@360.cn,Female,174.49.8.249
593,Edin,Walch,ewalchgg@globo.com,Female,160.94.147.53
594,Vidovic,Crumbie,vcrumbiegh@cyberchimps.com,Male,94.38.105.136
595,Der,Keaveney,dkeaveneygi@mac.com,Male,185.208.142.67
596,Winfred,Martt,wmarttgj@webmd.com,Bigender,141.220.179.71
597,Sabine,MacDonagh,smacdonaghgk@tamu.edu,Female,198.170.26.233
598,Starr,Bavridge,sbavridgegl@hugedomains.com,Female,47.173.81.160
599,Pietrek,Meagh,pmeaghgm@ted.com,Male,144.119.215.112
600,Neysa,Sellars,nsellarsgn@google.fr,Female,32.84.221.132
601,Rubie,Scola,rscolago@wisc.edu,Female,230.244.32.98
602,Sidney,Limmer,slimmergp@tmall.com,Male,146.23.35.235
603,Clim,Simoens,csimoensgq@simplemachines.org,Male,91.164.104.176
604,Yehudit,Harriday,yharridaygr@newyorker.com,Genderfluid,39.143.85.24
605,Dewie,Meugens,dmeugensgs@topsy.com,Genderfluid,145.228.214.155
606,Valerie,De Matteis,vdematteisgt@slashdot.org,Female,103.228.23.126
607,Kenon,Aubin,kaubingu@latimes.com,Polygender,237.196.87.102
608,Eugen,Rowlin,erowlingv@bigcartel.com,Male,184.92.51.92
609,Nolly,Sellek,nsellekgw@senate.gov,Male,7.106.223.55
610,Rem,Beauvais,rbeauvaisgx@wix.com,Male,247.142.200.67
611,Rafael,Patrick,rpatrickgy@harvard.edu,Male,109.2.26.76
612,Huey,Ramel,hramelgz@eventbrite.com,Male,115.32.171.69
613,Liza,Kroll,lkrollh0@omniture.com,Female,114.155.151.165
614,Montague,Pochet,mpocheth1@fastcompany.com,Male,20.169.224.143
615,Torrance,Crayk,tcraykh2@admin.ch,Male,97.17.120.17
616,Bryce,Anscott,banscotth3@shutterfly.com,Genderfluid,236.218.103.229
617,Molli,Chastelain,mchastelainh4@sciencedaily.com,Female,95.243.232.49
618,Sibelle,Elia,seliah5@mozilla.com,Female,120.49.82.241
619,Howie,Swann,hswannh6@yahoo.co.jp,Male,255.51.88.173
620,Ralina,Caldeiro,rcaldeiroh7@theatlantic.com,Female,206.132.50.108
621,Aguste,Martel,amartelh8@squarespace.com,Male,110.230.58.89
622,Berne,Winspear,bwinspearh9@skyrock.com,Agender,9.139.107.92
623,Pascal,Simnell,psimnellha@state.gov,Male,160.60.39.84
624,Anitra,Muddiman,amuddimanhb@devhub.com,Female,110.210.209.30
625,Zara,de Mendoza,zdemendozahc@typepad.com,Female,97.163.137.50
626,Temple,Straneo,tstraneohd@zdnet.com,Male,213.129.190.251
627,Tillie,Jozwicki,tjozwickihe@jiathis.com,Female,176.170.72.137
628,Gracie,Chiplen,gchiplenhf@xrea.com,Female,250.160.14.11
629,Lissi,Barr,lbarrhg@adobe.com,Female,107.186.46.157
630,Perle,Beals,pbealshh@timesonline.co.uk,Female,8.167.215.113
631,Audrye,McIlwrath,amcilwrathhi@spiegel.de,Female,24.210.28.29
632,Timi,Raunds,traundshj@bravesites.com,Female,231.153.199.67
633,Trixy,Upton,tuptonhk@ox.ac.uk,Female,176.9.175.228
634,Matty,Fehely,mfehelyhl@aboutads.info,Male,25.200.195.120
635,Corbett,Robecon,crobeconhm@twitpic.com,Male,7.115.127.186
636,Kattie,Beumant,kbeumanthn@friendfeed.com,Female,236.11.208.46
637,Hayley,Garnham,hgarnhamho@springer.com,Female,30.182.44.185
638,Amelie,Ure,aurehp@linkedin.com,Female,233.91.229.125
639,Madella,Reder,mrederhq@mlb.com,Female,181.59.34.42
640,Michail,Bootes,mbooteshr@ning.com,Male,21.24.226.161
641,Yuma,Jirus,yjirushs@jugem.jp,Male,183.80.99.223
642,Helyn,Mountstephen,hmountstephenht@macromedia.com,Female,109.83.215.96
643,Munmro,Wallsam,mwallsamhu@answers.com,Male,156.26.39.71
644,Andreas,Mc Meekan,amcmeekanhv@vinaora.com,Male,206.115.109.218
645,Clarie,Piletic,cpiletichw@google.com.br,Female,125.19.231.138
646,Theodoric,Mewett,tmewetthx@scientificamerican.com,Male,33.134.75.103
647,Edward,Cluckie,ecluckiehy@dell.com,Male,46.70.85.65
648,Zacherie,Lapsley,zlapsleyhz@cocolog-nifty.com,Male,8.144.19.180
649,Melisent,Bramont,mbramonti0@columbia.edu,Female,199.118.120.137
650,Ezequiel,Adamczewski,eadamczewskii1@who.int,Male,183.225.155.74
651,Vivyan,Winslett,vwinsletti2@ezinearticles.com,Female,113.240.247.22
652,Cash,Gilders,cgildersi3@feedburner.com,Male,211.39.45.229
653,Dalston,Skipperbottom,dskipperbottomi4@instagram.com,Genderqueer,196.87.246.7
654,Olga,Yourell,oyourelli5@cdc.gov,Female,229.198.2.127
655,Fania,Gallant,fgallanti6@weebly.com,Female,2.158.180.67
656,Leonhard,Smalecombe,lsmalecombei7@nsw.gov.au,Male,102.117.108.85
657,Hailey,Dimitriev,hdimitrievi8@quantcast.com,Male,224.254.46.200
658,Jaye,Castaner,jcastaneri9@ft.com,Genderqueer,158.156.56.69
659,Humberto,Balam,hbalamia@jigsy.com,Male,80.220.41.91
660,Olga,McClymond,omcclymondib@reuters.com,Female,180.53.226.189
661,Janot,Balsdone,jbalsdoneic@japanpost.jp,Genderfluid,133.30.183.140
662,Rick,Gremane,rgremaneid@salon.com,Male,9.28.155.134
663,Jose,Cokayne,jcokayneie@123-reg.co.uk,Male,197.128.192.63
664,Erie,MacKimmie,emackimmieif@hugedomains.com,Male,175.31.124.161
665,Baudoin,Tames,btamesig@google.com.br,Male,27.112.218.194
666,Ashby,Burlingame,aburlingameih@lycos.com,Male,129.173.127.74
667,Ahmed,Koppen,akoppenii@imgur.com,Male,203.58.78.201
668,Vida,Frith,vfrithij@webnode.com,Female,246.225.79.185
669,Jandy,Pepall,jpepallik@slate.com,Female,234.148.43.164
670,Ermentrude,Couch,ecouchil@is.gd,Female,122.129.241.101
671,Scotti,Itzik,sitzikim@un.org,Male,70.210.22.191
672,Doria,Gethins,dgethinsin@list-manage.com,Female,167.207.250.49
673,Danni,Tubbs,dtubbsio@army.mil,Agender,137.111.144.98
674,Lil,Brotherhood,lbrotherhoodip@list-manage.com,Female,118.225.85.202
675,Billi,Ringwood,bringwoodiq@squarespace.com,Female,129.196.62.168
676,Gavin,Norgan,gnorganir@state.gov,Male,4.94.57.116
677,Nealon,Braddon,nbraddonis@dyndns.org,Male,108.249.212.90
678,Benedict,Frayling,bfraylingit@mysql.com,Bigender,221.26.247.238
679,Howey,Daly,hdalyiu@cbsnews.com,Male,59.56.203.123
680,Golda,Lux,gluxiv@dedecms.com,Female,69.16.134.217
681,Putnem,Dellenbach,pdellenbachiw@etsy.com,Male,34.125.113.94
682,Nancie,de Merida,ndemeridaix@networksolutions.com,Female,240.162.23.88
683,Ashlee,Delouch,adelouchiy@joomla.org,Female,144.228.195.184
684,Clerkclaude,Keay,ckeayiz@yale.edu,Male,124.236.65.180
685,Ashlie,Fathers,afathersj0@1und1.de,Female,78.240.105.218
686,Giovanni,Moules,gmoulesj1@wufoo.com,Male,13.113.33.157
687,Laraine,Littrick,llittrickj2@dailymail.co.uk,Female,35.134.57.114
688,Roseline,Saville,rsavillej3@phoca.cz,Female,249.251.180.54
689,Kendal,Syer,ksyerj4@time.com,Agender,173.135.97.84
690,Dara,Migheli,dmighelij5@wired.com,Female,248.144.77.239
691,Vevay,Clarae,vclaraej6@google.ca,Female,254.143.176.94
692,Irwinn,Nowakowska,inowakowskaj7@nyu.edu,Male,10.190.54.80
693,Travis,Beardsall,tbeardsallj8@angelfire.com,Male,252.95.59.19
694,Rory,Lintott,rlintottj9@statcounter.com,Male,160.67.184.186
695,Elwira,Antoniottii,eantoniottiija@examiner.com,Female,105.45.139.175
696,Godfree,Dacke,gdackejb@etsy.com,Male,214.44.242.226
697,Roanna,Hemeret,rhemeretjc@harvard.edu,Female,101.146.198.213
698,Amata,Debill,adebilljd@bizjournals.com,Female,26.251.150.123
699,Leslie,Fairlamb,lfairlambje@cyberchimps.com,Non-binary,226.108.79.19
700,Nilson,Cowland,ncowlandjf@virginia.edu,Male,246.64.187.219
701,Mackenzie,Rigolle,mrigollejg@opensource.org,Male,198.134.63.63
702,Lowell,Glison,lglisonjh@shinystat.com,Male,59.65.139.5
703,Talbot,Tanton,ttantonji@amazon.de,Male,175.189.82.139
704,Corey,Emmison,cemmisonjj@simplemachines.org,Female,208.77.88.7
705,Larissa,Lamberton,llambertonjk@bbc.co.uk,Female,230.194.252.172
706,Alyssa,Sames,asamesjl@technorati.com,Polygender,98.15.132.181
707,Ellynn,Rantoul,erantouljm@i2i.jp,Female,93.190.113.4
708,Kym,Cloutt,kclouttjn@51.la,Female,98.109.156.161
709,Margalit,Whitehair,mwhitehairjo@google.nl,Female,187.68.187.158
710,Valerie,Norville,vnorvillejp@usda.gov,Female,53.63.154.67
711,Sophia,Leband,slebandjq@salon.com,Female,255.64.218.60
712,Anderson,Robertucci,arobertuccijr@examiner.com,Male,204.174.40.44
713,Roseanne,Hallwood,rhallwoodjs@amazon.co.jp,Female,66.221.70.7
714,Issiah,Mander,imanderjt@bloglines.com,Male,217.164.49.115
715,Gaynor,Bousfield,gbousfieldju@smugmug.com,Female,139.12.82.124
716,Zebulon,Cussen,zcussenjv@umich.edu,Male,122.196.193.242
717,Eloisa,Camelia,ecameliajw@domainmarket.com,Female,210.239.244.137
718,Daryn,Bretland,dbretlandjx@instagram.com,Female,141.212.101.212
719,Sandor,Venners,svennersjy@paypal.com,Male,255.6.247.81
720,Hollis,Yukhnev,hyukhnevjz@illinois.edu,Male,108.241.203.54
721,Haleigh,Batchan,hbatchank0@desdev.cn,Male,214.72.228.101
722,Ker,Snoden,ksnodenk1@goo.ne.jp,Male,144.69.188.119
723,Winthrop,Cottom,wcottomk2@go.com,Male,200.154.115.158
724,Flore,Foreman,fforemank3@gravatar.com,Female,199.249.87.56
725,Misha,Husher,mhusherk4@blog.com,Female,17.60.222.10
726,Kaitlynn,Garnsey,kgarnseyk5@soundcloud.com,Genderqueer,234.186.28.188
727,Cobbie,Mallall,cmallallk6@exblog.jp,Male,204.22.2.115
728,Tamas,Ringrose,tringrosek7@shop-pro.jp,Male,40.251.231.59
729,Natasha,Bunyard,nbunyardk8@google.co.uk,Female,97.41.80.121
730,Tandi,Saltsberg,tsaltsbergk9@seattletimes.com,Female,10.74.42.201
731,Palm,Cruwys,pcruwyska@usnews.com,Male,134.252.233.101
732,Pyotr,Rawlingson,prawlingsonkb@theguardian.com,Male,233.150.216.46
733,Tirrell,Edmand,tedmandkc@eventbrite.com,Male,6.233.145.56
734,Robinett,Ryves,rryveskd@example.com,Agender,141.250.211.121
735,Ofelia,Pennone,opennoneke@weibo.com,Female,197.82.71.75
736,Aurel,Philpault,aphilpaultkf@ovh.net,Female,140.61.141.118
737,Martyn,Lezemere,mlezemerekg@washington.edu,Male,237.107.127.81
738,Roby,Jorcke,rjorckekh@angelfire.com,Female,124.161.14.70
739,Maxi,Trimme,mtrimmeki@liveinternet.ru,Genderqueer,118.233.206.250
740,Eulalie,Norfolk,enorfolkkj@dion.ne.jp,Female,76.20.168.223
741,Barbette,Noone,bnoonekk@amazon.co.uk,Female,83.106.7.62
742,Barny,Edes,bedeskl@mapy.cz,Male,221.120.169.145
743,Margi,Itscowicz,mitscowiczkm@dagondesign.com,Female,253.146.83.18
744,Kliment,Shipley,kshipleykn@about.com,Male,72.14.212.33
745,Franklyn,Hammerberger,fhammerbergerko@devhub.com,Male,195.63.213.150
746,Fay,Shawcroft,fshawcroftkp@europa.eu,Female,205.4.149.28
747,Harvey,Dantesia,hdantesiakq@biblegateway.com,Male,122.48.242.6
748,Carly,Pawlowicz,cpawlowiczkr@drupal.org,Male,217.138.204.82
749,Cherise,Prestedge,cprestedgeks@comsenz.com,Female,171.17.100.7
750,Skip,Haker,shakerkt@wikipedia.org,Male,41.64.181.55
751,Melony,Pearson,mpearsonku@rediff.com,Female,102.108.2.103
752,Liliane,Heyball,lheyballkv@constantcontact.com,Female,187.66.117.230
753,Katharina,Oriel,korielkw@feedburner.com,Female,153.115.184.216
754,Sax,Serman,ssermankx@vk.com,Male,20.94.161.117
755,Blakeley,Atcock,batcockky@theatlantic.com,Female,1.30.123.47
756,Sosanna,Garman,sgarmankz@vk.com,Female,114.15.29.89
757,Burg,Whitter,bwhitterl0@xing.com,Male,88.135.107.178
758,Page,Audenis,paudenisl1@tiny.cc,Male,218.176.209.165
759,Gusta,Wehden,gwehdenl2@jalbum.net,Female,198.156.9.8
760,Elijah,Lanceley,elanceleyl3@digg.com,Male,238.43.147.247
761,Angeline,Duplock,aduplockl4@webnode.com,Female,91.254.252.95
762,Antons,Bachanski,abachanskil5@cyberchimps.com,Male,85.39.228.23
763,Dolph,Klimov,dklimovl6@ustream.tv,Male,52.111.116.205
764,Ilise,McEvay,imcevayl7@1688.com,Female,183.254.1.153
765,Agretha,Roycroft,aroycroftl8@apache.org,Female,5.60.90.198
766,Ginnie,Pepperill,gpepperilll9@stanford.edu,Female,171.11.184.211
767,Yorker,Tidmarsh,ytidmarshla@bandcamp.com,Male,43.157.42.57
768,Kyrstin,Clapison,kclapisonlb@washingtonpost.com,Female,151.232.76.33
769,Gus,Pardi,gpardilc@redcross.org,Female,174.20.56.149
770,Darrelle,Hambribe,dhambribeld@ning.com,Genderqueer,224.80.8.218
771,Meggi,Wordsley,mwordsleyle@webnode.com,Genderqueer,187.39.2.225
772,Pauly,Gleadle,pgleadlelf@lycos.com,Male,40.100.218.230
773,Eamon,Hylton,ehyltonlg@uiuc.edu,Male,241.67.6.18
774,Sheridan,Eastment,seastmentlh@jugem.jp,Male,82.240.103.156
775,Cozmo,Durden,cdurdenli@dot.gov,Male,210.201.168.27
776,Garald,Eades,geadeslj@furl.net,Male,208.111.12.98
777,Freddi,Witz,fwitzlk@list-manage.com,Female,128.239.31.186
778,Clementina,Izkovicz,cizkoviczll@yahoo.com,Female,88.111.137.134
779,Gabby,Stell,gstelllm@pcworld.com,Male,35.26.222.60
780,Byrle,Whithorn,bwhithornln@shinystat.com,Agender,12.204.242.2
781,Walden,McCole,wmccolelo@nbcnews.com,Male,31.62.9.111
782,Marshal,Laurenson,mlaurensonlp@clickbank.net,Male,104.59.142.57
783,Harriet,Jedrysik,hjedrysiklq@woothemes.com,Female,127.195.142.46
784,Brant,Cyseley,bcyseleylr@rediff.com,Agender,153.45.120.224
785,Gale,Gilchrist,ggilchristls@theatlantic.com,Male,28.163.228.213
786,Valentina,Andersch,vanderschlt@cbslocal.com,Female,123.176.100.222
787,Raff,Scanlon,rscanlonlu@merriam-webster.com,Male,149.17.178.0
788,Ben,Bacon,bbaconlv@youku.com,Male,198.249.161.93
789,Kamillah,Edelston,kedelstonlw@blogtalkradio.com,Female,8.16.120.226
790,Valry,Dybald,vdybaldlx@microsoft.com,Female,127.188.85.195
791,Henderson,Beart,hbeartly@usatoday.com,Male,111.181.92.66
792,Jose,O'Harney,joharneylz@is.gd,Male,148.38.17.162
793,Terrence,Ellissen,tellissenm0@nymag.com,Male,74.115.122.172
794,Darryl,Rizzone,drizzonem1@buzzfeed.com,Female,91.40.29.57
795,Alexis,Marvell,amarvellm2@bigcartel.com,Male,164.141.51.37
796,Egor,Rapaport,erapaportm3@wunderground.com,Male,76.133.252.87
797,Elvira,Kinghorne,ekinghornem4@zimbio.com,Female,33.48.24.188
798,Templeton,Meneghi,tmeneghim5@google.it,Genderfluid,81.68.28.241
799,Eal,Jeste,ejestem6@de.vu,Bigender,148.161.158.219
800,Mair,Spini,mspinim7@ameblo.jp,Non-binary,19.3.112.104
801,Doralyn,Butland,dbutlandm8@squarespace.com,Female,194.63.26.117
802,Arden,Blackadder,ablackadderm9@free.fr,Female,62.11.50.93
803,Humphrey,Beakes,hbeakesma@bloomberg.com,Male,239.24.168.15
804,Carlina,Bance,cbancemb@zimbio.com,Female,37.154.118.193
805,Maure,Balint,mbalintmc@nasa.gov,Female,172.36.80.49
806,Dyanna,Dampney,ddampneymd@list-manage.com,Female,82.153.52.48
807,Demeter,Lantry,dlantryme@npr.org,Female,251.111.179.120
808,Jewel,Kitcatt,jkitcattmf@hatena.ne.jp,Polygender,7.120.71.116
809,Darius,Mont,dmontmg@dyndns.org,Male,88.148.214.236
810,Lura,Laviste,llavistemh@statcounter.com,Female,53.140.97.166
811,Kippy,Macon,kmaconmi@sfgate.com,Bigender,252.200.41.251
812,Glennie,O'Lehane,golehanemj@sciencedirect.com,Female,170.125.53.46
813,Joseph,Ollin,jollinmk@opensource.org,Male,153.112.26.13
814,Chrisy,Stiegars,cstiegarsml@slashdot.org,Male,4.58.132.1
815,Aila,Cuberley,acuberleymm@cocolog-nifty.com,Female,255.228.41.46
816,Katrinka,Avrasin,kavrasinmn@opera.com,Female,179.161.212.53
817,Abey,Alejandro,aalejandromo@shinystat.com,Male,40.149.250.253
818,Ronny,Matusson,rmatussonmp@uol.com.br,Male,89.97.195.237
819,Milena,Whyard,mwhyardmq@typepad.com,Female,217.179.255.155
820,Jeni,Merrall,jmerrallmr@businessweek.com,Female,95.137.190.238
821,Udall,Lozano,ulozanoms@java.com,Male,183.19.127.147
822,Curran,Mancer,cmancermt@umich.edu,Polygender,141.43.206.190
823,Kenny,Blasetti,kblasettimu@google.fr,Male,158.44.20.220
824,Alexi,Triplett,atriplettmv@virginia.edu,Female,32.253.1.200
825,Neda,Siddens,nsiddensmw@usa.gov,Female,246.240.132.191
826,Mikaela,Craker,mcrakermx@apache.org,Female,153.85.20.90
827,Sandie,Ledner,slednermy@flickr.com,Female,48.216.8.228
828,Janeczka,Forrestor,jforrestormz@scientificamerican.com,Female,58.52.241.196
829,Jammie,Kneel,jkneeln0@forbes.com,Bigender,98.76.65.132
830,Benedicta,Drake,bdraken1@so-net.ne.jp,Female,6.184.223.29
831,Millard,Bathow,mbathown2@nature.com,Male,1.119.141.162
832,Eugine,Mee,emeen3@mediafire.com,Agender,55.59.29.66
833,Jeremias,Threadgill,jthreadgilln4@histats.com,Bigender,222.88.181.197
834,Vincents,Josum,vjosumn5@nytimes.com,Male,206.101.164.177
835,Alyssa,Huccaby,ahuccabyn6@disqus.com,Female,159.116.240.42
836,Marin,Gilbee,mgilbeen7@columbia.edu,Female,177.69.16.54
837,Tirrell,Checkley,tcheckleyn8@wikispaces.com,Male,58.176.219.32
838,Chris,Son,csonn9@google.it,Male,125.158.222.117
839,Jannel,Snazel,jsnazelna@mit.edu,Female,58.66.85.195
840,Florida,Brittles,fbrittlesnb@bbc.co.uk,Bigender,25.218.105.70
841,Willdon,Eastgate,weastgatenc@cbsnews.com,Male,188.9.193.106
842,Mickie,Sudlow,msudlownd@dailymail.co.uk,Male,36.128.184.205
843,Krishnah,Bugdale,kbugdalene@illinois.edu,Male,188.183.61.49
844,Rochell,Mockett,rmockettnf@ucsd.edu,Female,18.118.116.93
845,Maribeth,Shelvey,mshelveyng@jugem.jp,Genderqueer,134.10.41.95
846,Carlita,Fitton,cfittonnh@nasa.gov,Female,254.214.217.20
847,Theresa,Lethabridge,tlethabridgeni@elpais.com,Female,106.14.236.37
848,Vernon,Costelloe,vcostelloenj@admin.ch,Male,249.190.233.242
849,Chrystel,Lingwood,clingwoodnk@ibm.com,Female,244.33.243.227
850,Nicolais,Neicho,nneichonl@apple.com,Male,129.171.147.116
851,Camile,Brinkler,cbrinklernm@soundcloud.com,Female,66.145.36.106
852,Sebastien,Dubock,sdubocknn@photobucket.com,Genderfluid,224.35.46.200
853,Candi,Edelmann,cedelmannno@cnet.com,Non-binary,117.184.193.253
854,Vaclav,Spaice,vspaicenp@photobucket.com,Male,172.97.49.153
855,Donaugh,Looks,dlooksnq@virginia.edu,Male,127.192.179.94
856,Marni,Lidden,mliddennr@cnbc.com,Female,16.10.5.15
857,Marlyn,Endrighi,mendrighins@bandcamp.com,Female,208.172.222.71
858,Ferne,Gideon,fgideonnt@hud.gov,Female,236.86.192.109
859,Forster,Peterkin,fpeterkinnu@miibeian.gov.cn,Male,154.26.81.214
860,Gus,Iiannone,giiannonenv@yolasite.com,Male,1.84.52.31
861,Filberto,Elgar,felgarnw@simplemachines.org,Male,136.186.57.25
862,Mara,Jimmes,mjimmesnx@google.es,Female,100.141.60.105
863,Edita,Legrice,elegriceny@tuttocitta.it,Female,21.82.42.175
864,Waldemar,Dalinder,wdalindernz@phpbb.com,Male,1.248.190.74
865,Felicdad,Tunstall,ftunstallo0@virginia.edu,Female,252.7.33.142
866,Hashim,Simonyi,hsimonyio1@shutterfly.com,Male,40.239.235.85
867,Marybeth,Kopf,mkopfo2@ed.gov,Female,240.142.156.154
868,Urbano,Manie,umanieo3@mlb.com,Male,94.87.0.250
869,Penrod,Bellin,pbellino4@comcast.net,Male,189.114.166.251
870,Skippy,Duigan,sduigano5@google.com.hk,Male,65.50.161.34
871,Jeri,Humfrey,jhumfreyo6@army.mil,Female,201.203.222.22
872,Rossy,McAloren,rmcaloreno7@google.com.hk,Male,235.168.128.167
873,Stephen,Paynton,spayntono8@google.com,Male,197.133.41.10
874,Nate,Petracci,npetraccio9@archive.org,Male,67.91.40.82
875,Giacobo,Kubiczek,gkubiczekoa@google.it,Male,224.166.10.103
876,Bernardo,Sabin,bsabinob@about.me,Male,246.131.253.89
877,Kirby,Garvan,kgarvanoc@ibm.com,Female,8.111.31.89
878,Alexei,Gritskov,agritskovod@biglobe.ne.jp,Male,184.58.170.142
879,Dennet,Laughtisse,dlaughtisseoe@npr.org,Male,176.127.134.54
880,Euell,Sebert,esebertof@instagram.com,Male,57.102.155.218
881,Bethina,Pollack,bpollackog@jalbum.net,Female,122.173.187.206
882,Hadley,Slaughter,hslaughteroh@amazon.de,Male,72.113.85.136
883,Yule,Samsin,ysamsinoi@home.pl,Male,57.14.103.128
884,Rafaelita,Baudains,rbaudainsoj@techcrunch.com,Female,167.146.235.111
885,Hendrick,Albro,halbrook@newsvine.com,Male,252.130.225.111
886,Shelley,Follet,sfolletol@discovery.com,Polygender,135.153.218.217
887,Stacee,Brimmacombe,sbrimmacombeom@samsung.com,Male,97.157.181.161
888,Joaquin,Gillyatt,jgillyatton@bbc.co.uk,Male,84.92.2.99
889,Reagan,Fielding,rfieldingoo@shutterfly.com,Agender,176.209.58.108
890,Romain,Dinneen,rdinneenop@ifeng.com,Male,207.68.224.226
891,Obediah,Caney,ocaneyoq@hexun.com,Male,24.204.227.151
892,Giacomo,Malcolm,gmalcolmor@tripadvisor.com,Male,26.237.79.249
893,Raynard,Awcock,rawcockos@si.edu,Male,95.175.230.10
894,Goober,Penswick,gpenswickot@altervista.org,Male,36.95.164.244
895,Andrej,Lidell,alidellou@1688.com,Male,60.187.20.209
896,Elmer,Kondratovich,ekondratovichov@jugem.jp,Male,177.90.55.14
897,Janos,Reis,jreisow@i2i.jp,Male,112.59.218.190
898,Kessiah,Renhard,krenhardox@behance.net,Female,135.243.228.85
899,Allister,Briar,abriaroy@foxnews.com,Male,184.139.227.242
900,Thorpe,Youson,tyousonoz@eventbrite.com,Male,217.175.64.96
901,Olin,Blampey,oblampeyp0@ibm.com,Male,243.193.35.156
902,Cecile,Verdon,cverdonp1@gnu.org,Female,61.87.40.153
903,Evelina,Blankau,eblankaup2@github.com,Female,62.6.15.104
904,Gigi,Cellier,gcellierp3@geocities.com,Female,169.8.3.198
905,Fredrika,Antoniades,fantoniadesp4@youtu.be,Female,196.11.222.90
906,Basil,Battill,bbattillp5@de.vu,Male,250.199.231.36
907,Chandal,Esh,ceshp6@4shared.com,Female,125.192.147.238
908,Birk,Esby,besbyp7@yelp.com,Male,52.112.126.172
909,Ranee,Lyenyng,rlyenyngp8@businessweek.com,Female,121.31.69.105
910,Aubrie,Altham,aalthamp9@parallels.com,Female,136.172.28.251
911,Gratiana,Sugg,gsuggpa@berkeley.edu,Female,238.159.223.126
912,Sheena,Plumtree,splumtreepb@reddit.com,Female,135.187.94.249
913,Bradly,Brisker,bbriskerpc@scribd.com,Polygender,206.56.233.87
914,Tiphany,Tuxill,ttuxillpd@odnoklassniki.ru,Female,81.133.128.57
915,Pascal,Aizlewood,paizlewoodpe@myspace.com,Male,68.7.103.129
916,Faun,Kynastone,fkynastonepf@google.com.br,Female,254.248.62.198
917,Hunfredo,Bartul,hbartulpg@admin.ch,Male,70.163.241.48
918,Arlee,Stavers,astaversph@sourceforge.net,Genderfluid,30.121.175.254
919,Onida,Very,overypi@parallels.com,Agender,171.218.132.29
920,Ddene,Vernalls,dvernallspj@indiatimes.com,Female,195.214.210.84
921,Georgeanna,Runham,grunhampk@earthlink.net,Female,119.249.33.88
922,Merola,Blaise,mblaisepl@hubpages.com,Female,68.85.174.84
923,Sidnee,Pruvost,spruvostpm@ted.com,Male,100.6.200.1
924,Brucie,McArt,bmcartpn@fema.gov,Male,8.218.11.125
925,Matthiew,Rudolfer,mrudolferpo@vinaora.com,Male,59.232.93.135
926,Rois,Claasen,rclaasenpp@bloglines.com,Female,198.194.112.45
927,Corty,Royce,croycepq@surveymonkey.com,Male,139.54.148.234
928,Hendrick,Sultan,hsultanpr@rediff.com,Male,207.150.167.167
929,Rubie,Kinney,rkinneyps@photobucket.com,Female,114.111.120.76
930,Florie,Wildash,fwildashpt@umich.edu,Female,243.90.195.2
931,Lorrayne,Glas,lglaspu@amazonaws.com,Non-binary,185.70.192.220
932,Cazzie,Thredder,cthredderpv@webs.com,Male,22.213.10.9
933,Valery,Braycotton,vbraycottonpw@soup.io,Female,189.125.162.182
934,Gill,Gynni,ggynnipx@geocities.jp,Non-binary,82.223.97.244
935,Augustina,Antonelli,aantonellipy@addthis.com,Female,194.178.48.61
936,Hestia,Jowle,hjowlepz@time.com,Female,141.158.29.208
937,Jelene,Brickett,jbrickettq0@oakley.com,Female,157.161.35.134
938,Sarette,Belvin,sbelvinq1@studiopress.com,Female,181.112.231.85
939,Morlee,Gaish,mgaishq2@gravatar.com,Polygender,79.94.177.107
940,Faina,Mantram,fmantramq3@amazonaws.com,Female,1.1.67.46
941,Biron,Binnes,bbinnesq4@squidoo.com,Male,242.23.169.242
942,Nissa,Grumell,ngrumellq5@printfriendly.com,Female,231.42.54.249
943,Wash,Rouby,wroubyq6@mit.edu,Male,126.241.115.185
944,Kimbra,Fearick,kfearickq7@indiegogo.com,Female,30.87.249.191
945,Catherina,Eacott,ceacottq8@topsy.com,Female,49.219.113.132
946,Glenine,Blaschek,gblaschekq9@buzzfeed.com,Non-binary,191.54.210.41
947,Quintus,Pyzer,qpyzerqa@weather.com,Male,221.61.168.110
948,Nanine,Melville,nmelvilleqb@vimeo.com,Female,183.213.4.94
949,Breanne,Paulat,bpaulatqc@t.co,Female,70.77.98.74
950,Filmore,Penritt,fpenrittqd@zdnet.com,Male,222.43.13.23
951,Sidoney,Burl,sburlqe@bloomberg.com,Female,46.185.16.254
952,Helaina,Baldazzi,hbaldazziqf@techcrunch.com,Bigender,105.10.22.164
953,Niels,Hardage,nhardageqg@indiegogo.com,Male,138.236.241.212
954,Murray,Dicty,mdictyqh@1und1.de,Male,237.234.100.217
955,Boot,Freund,bfreundqi@cdc.gov,Male,155.137.116.170
956,Marysa,Maghull,mmaghullqj@statcounter.com,Female,143.101.153.40
957,Franklin,Chitson,fchitsonqk@cnbc.com,Male,147.255.18.62
958,Letitia,Schwier,lschwierql@hugedomains.com,Polygender,16.219.176.169
959,Abie,McQuarter,amcquarterqm@a8.net,Male,163.47.122.221
960,Charmion,O' Donohue,codonohueqn@uiuc.edu,Agender,172.226.109.110
961,Roxy,Sleath,rsleathqo@uiuc.edu,Genderqueer,243.161.142.247
962,Lucien,MacLaren,lmaclarenqp@senate.gov,Male,220.91.126.104
963,Margalit,Josefer,mjoseferqq@army.mil,Female,32.159.53.173
964,Rhoda,Astlett,rastlettqr@craigslist.org,Female,171.140.41.155
965,Junia,Papa,jpapaqs@plala.or.jp,Female,27.38.11.5
966,Rhys,Buddington,rbuddingtonqt@studiopress.com,Male,195.14.53.66
967,Terrijo,Manger,tmangerqu@adobe.com,Female,100.12.4.123
968,Talya,Grebert,tgrebertqv@amazon.com,Female,68.75.154.143
969,Brenna,Hobble,bhobbleqw@archive.org,Female,71.22.46.226
970,Ker,Woodburn,kwoodburnqx@ox.ac.uk,Male,241.178.58.137
971,Annadiane,Slixby,aslixbyqy@4shared.com,Female,71.89.64.161
972,Roanna,Howison,rhowisonqz@desdev.cn,Female,46.8.235.125
973,Oralle,Capell,ocapellr0@ebay.com,Female,41.50.131.100
974,Melodee,Burgisi,mburgisir1@blogtalkradio.com,Female,217.156.251.127
975,Michal,Ryle,mryler2@microsoft.com,Male,81.171.7.72
976,Rhianon,Brokenbrow,rbrokenbrowr3@time.com,Female,118.28.155.180
977,Karlen,Enticott,kenticottr4@huffingtonpost.com,Female,69.79.211.175
978,Silas,Kershow,skershowr5@hubpages.com,Non-binary,61.194.87.154
979,Aeriel,Guirard,aguirardr6@sbwire.com,Female,219.241.154.107
980,Adelice,Tomsu,atomsur7@cafepress.com,Female,31.66.107.243
981,Lulita,Healings,lhealingsr8@narod.ru,Female,200.73.100.118
982,Dahlia,Baddoe,dbaddoer9@is.gd,Female,81.107.43.108
983,Candis,Aries,cariesra@digg.com,Female,93.12.72.108
984,Roman,Biers,rbiersrb@spotify.com,Male,202.46.170.193
985,Nichols,Michel,nmichelrc@php.net,Genderqueer,187.45.225.119
986,Jayson,Kohtler,jkohtlerrd@ibm.com,Male,56.28.254.203
987,Cullin,Stidever,cstideverre@sbwire.com,Male,27.221.3.205
988,Sigismundo,Maggs,smaggsrf@dropbox.com,Male,20.135.138.249
989,Leonora,Ciobotaru,lciobotarurg@scribd.com,Female,121.149.227.105
990,Star,Van Der Vlies,svandervliesrh@miitbeian.gov.cn,Non-binary,9.111.109.29
991,Boniface,Corten,bcortenri@gravatar.com,Male,186.30.161.49
992,Moria,Rablan,mrablanrj@google.es,Female,216.45.68.68
993,Marcellina,Lockley,mlockleyrk@ft.com,Female,74.151.135.216
994,Percy,Corbie,pcorbierl@behance.net,Male,228.197.53.200
995,Kinnie,Gallienne,kgalliennerm@google.cn,Male,2.181.22.56
996,Solly,O'Fielly,sofiellyrn@hostgator.com,Male,6.101.13.7
997,Karol,Boldry,kboldryro@nyu.edu,Female,222.240.251.90
998,Blinni,Tabard,btabardrp@surveymonkey.com,Polygender,117.53.248.185
999,Brendan,Howgill,bhowgillrq@chicagotribune.com,Male,236.237.180.43
1000,Malinde,Swanston,mswanstonrr@wunderground.com,Female,163.41.147.214
